{
  "schema": "http://json-schema.org/draft-04/schema#",
  "id": "#root",
  "simpleType": {
    "duration": {
      "type": "number",
      "format": "utc-millisec"
    },
    "dateTime": {
      "type": "string",
      "format": "date-time"
    },
    "time": {
      "type": "string",
      "format": "time"
    },
    "date": {
      "type": "string",
      "format": "date"
    },
    "gYearMonth": {
      "type": "object",
      "properties": {
        "year": {
          "type": "integer"
        },
        "month": {
          "type": "integer"
        },
        "timezone": {
          "type": "string",
          "pattern": "^(Z)|((\\+|\\-)(00|0[0-9]|1[0-9]|2[0-3]):([0-9]|[0-5][0-9]))$"
        }
      },
      "required": [
        "year",
        "month"
      ],
      "additionalProperties": false
    },
    "gYear": {
      "type": "object",
      "properties": {
        "year": {
          "type": "integer"
        },
        "timezone": {
          "type": "string",
          "pattern": "^(Z)|((\\+|\\-)(00|0[0-9]|1[0-9]|2[0-3]):([0-9]|[0-5][0-9]))$"
        }
      },
      "additionalProperties": false
    },
    "gMonthDay": {
      "type": "object",
      "properties": {
        "month": {
          "type": "integer"
        },
        "day": {
          "type": "integer"
        },
        "timezone": {
          "type": "string",
          "pattern": "^(Z)|((\\+|\\-)(00|0[0-9]|1[0-9]|2[0-3]):([0-9]|[0-5][0-9]))$"
        }
      },
      "required": [
        "month",
        "day"
      ],
      "additionalProperties": false
    },
    "gDay": {
      "type": "object",
      "properties": {
        "day": {
          "type": "integer"
        },
        "timezone": {
          "type": "string",
          "pattern": "^(Z)|((\\+|\\-)(00|0[0-9]|1[0-9]|2[0-3]):([0-9]|[0-5][0-9]))$"
        }
      },
      "additionalProperties": false
    },
    "gMonth": {
      "type": "object",
      "properties": {
        "month": {
          "type": "integer"
        },
        "timezone": {
          "type": "string",
          "pattern": "^(Z)|((\\+|\\-)(00|0[0-9]|1[0-9]|2[0-3]):([0-9]|[0-5][0-9]))$"
        }
      },
      "additionalProperties": false
    },
    "anyURI": {
      "type": "string"
    },
    "cogsDate": {
      "type": "object",
      "properties": {
        "dateTime": {
          "$ref": "#/simpleType/dateTime"
        },
        "date": {
          "$ref": "#/simpleType/date"
        },
        "gYearMonth": {
          "$ref": "#/simpleType/gYearMonth"
        },
        "gYear": {
          "$ref": "#/simpleType/gYear"
        },
        "duration": {
          "$ref": "#/simpleType/duration"
        }
      },
      "additionalProperties": false
    },
    "language": {
      "type": "string"
    }
  },
  "definitions": {
    "aggregate": {
      "type": "object",
      "properties": {
        "$type": {
          "type": "string",
          "MultiplicityElement": {
            "lower": 1,
            "upper": 1
          },
          "Description": "Discriminator specifies the data type name"
        },
        "groupByVariables": {
          "type": "array",
          "items": {
            "$ref": "#/definitions/variableReferenceBase"
          },
          "minItems": 0,
          "Description": "Variables used as keys to identify groups."
        },
        "aggregateVariables": {
          "type": "array",
          "items": {
            "$ref": "#/definitions/compute"
          },
          "minItems": 1,
          "Description": "The expressions that compute the aggregations. An aggregation function should be used."
        },
        "weightVariable": {
          "$ref": "#/definitions/variableSymbolExpression",
          "MultiplicityElement": {
            "lower": 0,
            "upper": 1
          },
          "Description": "The variable used as a weight in the operation."
        }
      },
      "additionalProperties": false
    },
    "allNumericVariablesExpression": {
      "type": "object",
      "properties": {
        "$type": {
          "type": "string",
          "MultiplicityElement": {
            "lower": 1,
            "upper": 1
          },
          "Description": "Discriminator specifies the data type name"
        }
      },
      "additionalProperties": false
    },
    "allTextVariablesExpression": {
      "type": "object",
      "properties": {
        "$type": {
          "type": "string",
          "MultiplicityElement": {
            "lower": 1,
            "upper": 1
          },
          "Description": "Discriminator specifies the data type name"
        }
      },
      "additionalProperties": false
    },
    "allVariablesExpression": {
      "type": "object",
      "properties": {
        "$type": {
          "type": "string",
          "MultiplicityElement": {
            "lower": 1,
            "upper": 1
          },
          "Description": "Discriminator specifies the data type name"
        }
      },
      "additionalProperties": false
    },
    "analysis": {
      "type": "object",
      "properties": {
        "$type": {
          "type": "string",
          "MultiplicityElement": {
            "lower": 1,
            "upper": 1
          },
          "Description": "Discriminator specifies the data type name"
        }
      },
      "additionalProperties": false
    },
    "appendDatasets": {
      "type": "object",
      "properties": {
        "$type": {
          "type": "string",
          "MultiplicityElement": {
            "lower": 1,
            "upper": 1
          },
          "Description": "Discriminator specifies the data type name"
        },
        "appendFiles": {
          "type": "array",
          "items": {
            "$ref": "#/definitions/appendFileDescription"
          },
          "minItems": 1,
          "Description": "Description of files to be appended"
        },
        "appendFlagVariable": {
          "type": "string",
          "MultiplicityElement": {
            "lower": 0,
            "upper": 1
          },
          "Description": "Creates a new variable identifying the source dataframe for a row with the variable name given in the value of the property"
        }
      },
      "additionalProperties": false
    },
    "appendFileDescription": {
      "type": "object",
      "properties": {
        "$type": {
          "type": "string",
          "MultiplicityElement": {
            "lower": 1,
            "upper": 1
          },
          "Description": "Discriminator specifies the data type name"
        },
        "fileName": {
          "type": "string",
          "MultiplicityElement": {
            "lower": 1,
            "upper": 1
          },
          "Description": "Name of the file being appended.  May be the name of an active dataframe."
        },
        "renameVariables": {
          "type": "array",
          "items": {
            "$ref": "#/definitions/renamePair"
          },
          "minItems": 0,
          "Description": "Variables to be renamed"
        },
        "keepVariables": {
          "type": "array",
          "items": {
            "$ref": "#/definitions/variableReferenceBase"
          },
          "minItems": 0,
          "Description": "List of variables to keep"
        },
        "dropVariables": {
          "type": "array",
          "items": {
            "$ref": "#/definitions/variableReferenceBase"
          },
          "minItems": 0,
          "Description": "List of variables to drop"
        },
        "keepCasesCondition": {
          "$ref": "#/definitions/expressionBase",
          "MultiplicityElement": {
            "lower": 0,
            "upper": 1
          },
          "Description": "Logical condition for keeping rows."
        },
        "dropCasesCondition": {
          "$ref": "#/definitions/expressionBase",
          "MultiplicityElement": {
            "lower": 0,
            "upper": 1
          },
          "Description": "Logical condition for dropping rows."
        },
        "software": {
          "type": "string",
          "MultiplicityElement": {
            "lower": 0,
            "upper": 1
          },
          "Description": "The software package that works with the file."
        },
        "fileFormat": {
          "type": "string",
          "MultiplicityElement": {
            "lower": 0,
            "upper": 1
          },
          "Description": "The name of a file format"
        },
        "isCompressed": {
          "type": "boolean",
          "MultiplicityElement": {
            "lower": 0,
            "upper": 1
          },
          "Description": "Indicates whether the file format is compressed."
        }
      },
      "additionalProperties": false
    },
    "booleanConstantExpression": {
      "type": "object",
      "properties": {
        "$type": {
          "type": "string",
          "MultiplicityElement": {
            "lower": 1,
            "upper": 1
          },
          "Description": "Discriminator specifies the data type name"
        },
        "value": {
          "type": "string",
          "MultiplicityElement": {
            "lower": 1,
            "upper": 1
          },
          "Description": "Values of TRUE and FALSE are used in logical expressions."
        }
      },
      "additionalProperties": false
    },
    "collapse": {
      "type": "object",
      "properties": {
        "$type": {
          "type": "string",
          "MultiplicityElement": {
            "lower": 1,
            "upper": 1
          },
          "Description": "Discriminator specifies the data type name"
        },
        "outputDatasetName": {
          "type": "string",
          "MultiplicityElement": {
            "lower": 0,
            "upper": 1
          },
          "Description": "The name of a new, aggregated dataset to be created."
        },
        "groupByVariables": {
          "type": "array",
          "items": {
            "$ref": "#/definitions/variableReferenceBase"
          },
          "minItems": 0,
          "Description": "Variables used as keys to identify groups."
        },
        "aggregateVariables": {
          "type": "array",
          "items": {
            "$ref": "#/definitions/compute"
          },
          "minItems": 1,
          "Description": "The expressions that compute the aggregations. An aggregation function should be used."
        },
        "weightVariable": {
          "$ref": "#/definitions/variableSymbolExpression",
          "MultiplicityElement": {
            "lower": 0,
            "upper": 1
          },
          "Description": "The variable used as a weight in the operation."
        }
      },
      "additionalProperties": false
    },
    "commandBase": {
      "type": "object",
      "properties": {
        "$type": {
          "type": "string",
          "MultiplicityElement": {
            "lower": 1,
            "upper": 1
          },
          "Description": "Discriminator specifies the data type name"
        },
        "command": {
          "type": "string",
          "MultiplicityElement": {
            "lower": 1,
            "upper": 1
          },
          "Description": "The type of command"
        },
        "sourceInformation": {
          "type": "array",
          "items": {
            "$ref": "#/definitions/sourceInformation"
          },
          "minItems": 0,
          "Description": "Information about the source of the command."
        },
        "messageText": {
          "type": "array",
          "items": {
            "type": "string"
          },
          "minItems": 0,
          "Description": "Adds a message that can be displayed with the command."
        }
      },
      "additionalProperties": false
    },
    "comment": {
      "type": "object",
      "properties": {
        "$type": {
          "type": "string",
          "MultiplicityElement": {
            "lower": 1,
            "upper": 1
          },
          "Description": "Discriminator specifies the data type name"
        },
        "commentText": {
          "type": "string",
          "MultiplicityElement": {
            "lower": 1,
            "upper": 1
          },
          "Description": "The text of the source code comment."
        }
      },
      "additionalProperties": false
    },
    "compositeVariableNameExpression": {
      "type": "object",
      "properties": {
        "$type": {
          "type": "string",
          "MultiplicityElement": {
            "lower": 1,
            "upper": 1
          },
          "Description": "Discriminator specifies the data type name"
        },
        "computedVariableName": {
          "$ref": "#/definitions/expressionBase",
          "MultiplicityElement": {
            "lower": 1,
            "upper": 1
          },
          "Description": "An expression that evaluates to the constructed variable name."
        }
      },
      "additionalProperties": false
    },
    "compute": {
      "type": "object",
      "properties": {
        "$type": {
          "type": "string",
          "MultiplicityElement": {
            "lower": 1,
            "upper": 1
          },
          "Description": "Discriminator specifies the data type name"
        },
        "variable": {
          "$ref": "#/definitions/variableReferenceBase",
          "MultiplicityElement": {
            "lower": 1,
            "upper": 1
          },
          "Description": "The variable that is computed."
        },
        "expression": {
          "$ref": "#/definitions/expressionBase",
          "MultiplicityElement": {
            "lower": 1,
            "upper": 1
          },
          "Description": "The expression used to compute the value of the variable(s)"
        }
      },
      "additionalProperties": false
    },
    "dataframeDescription": {
      "type": "object",
      "properties": {
        "dataframeName": {
          "type": "string",
          "MultiplicityElement": {
            "lower": 1,
            "upper": 1
          },
          "Description": "Name of the dataframe."
        },
        "variableInventory": {
          "type": "array",
          "items": {
            "type": "string"
          },
          "minItems": 0,
          "Description": "Variables in the dataframe in order"
        },
        "rowDimensions": {
          "type": "array",
          "items": {
            "$ref": "#/definitions/variableReferenceBase"
          },
          "minItems": 0,
          "Description": "An ordered list of variables used as hierarchical dimensions in a data cube or multi-index"
        },
        "columnDimensions": {
          "type": "array",
          "items": {
            "$ref": "#/definitions/variableReferenceBase"
          },
          "minItems": 0,
          "Description": "An ordered list of variables used as colum indexes in a multi-index"
        }
      },
      "additionalProperties": false
    },
    "dateTimeConstant": {
      "type": "object",
      "properties": {
        "$type": {
          "type": "string",
          "MultiplicityElement": {
            "lower": 1,
            "upper": 1
          },
          "Description": "Discriminator specifies the data type name"
        },
        "dateTimeValue": {
          "$ref": "#/simpleType/dateTime",
          "MultiplicityElement": {
            "lower": 1,
            "upper": 1
          },
          "Description": "A specific instance of time in ISO 8601 format"
        }
      },
      "additionalProperties": false
    },
    "doIf": {
      "type": "object",
      "properties": {
        "$type": {
          "type": "string",
          "MultiplicityElement": {
            "lower": 1,
            "upper": 1
          },
          "Description": "Discriminator specifies the data type name"
        },
        "condition": {
          "$ref": "#/definitions/expressionBase",
          "MultiplicityElement": {
            "lower": 1,
            "upper": 1
          },
          "Description": "A logical expression"
        },
        "thenCommands": {
          "type": "array",
          "items": {
            "$ref": "#/definitions/commandBase"
          },
          "minItems": 1,
          "Description": "Commands to be performed if the condition is true."
        },
        "elseCommands": {
          "type": "array",
          "items": {
            "$ref": "#/definitions/commandBase"
          },
          "minItems": 0,
          "Description": "Commands to be performed if the condition is false."
        }
      },
      "additionalProperties": false
    },
    "dropCases": {
      "type": "object",
      "properties": {
        "$type": {
          "type": "string",
          "MultiplicityElement": {
            "lower": 1,
            "upper": 1
          },
          "Description": "Discriminator specifies the data type name"
        },
        "condition": {
          "$ref": "#/definitions/expressionBase",
          "MultiplicityElement": {
            "lower": 1,
            "upper": 1
          },
          "Description": "If the logical expresion is true, the case (row) will be deleted from the working dataset."
        }
      },
      "additionalProperties": false
    },
    "dropVariables": {
      "type": "object",
      "properties": {
        "$type": {
          "type": "string",
          "MultiplicityElement": {
            "lower": 1,
            "upper": 1
          },
          "Description": "Discriminator specifies the data type name"
        },
        "variables": {
          "type": "array",
          "items": {
            "$ref": "#/definitions/variableReferenceBase"
          },
          "minItems": 1,
          "Description": "The variables to be dropped."
        }
      },
      "additionalProperties": false
    },
    "execute": {
      "type": "object",
      "properties": {
        "$type": {
          "type": "string",
          "MultiplicityElement": {
            "lower": 1,
            "upper": 1
          },
          "Description": "Discriminator specifies the data type name"
        }
      },
      "additionalProperties": false
    },
    "expressionBase": {
      "type": "object",
      "properties": {
        "$type": {
          "type": "string",
          "MultiplicityElement": {
            "lower": 1,
            "upper": 1
          },
          "Description": "Discriminator specifies the data type name"
        }
      },
      "additionalProperties": false
    },
    "functionArgument": {
      "type": "object",
      "properties": {
        "$type": {
          "type": "string",
          "MultiplicityElement": {
            "lower": 1,
            "upper": 1
          },
          "Description": "Discriminator specifies the data type name"
        },
        "argumentName": {
          "type": "string",
          "MultiplicityElement": {
            "lower": 1,
            "upper": 1
          },
          "Description": "The name of the parameter."
        },
        "argumentValue": {
          "$ref": "#/definitions/expressionBase",
          "MultiplicityElement": {
            "lower": 1,
            "upper": 1
          },
          "Description": "The value of the parameter."
        }
      },
      "additionalProperties": false
    },
    "functionCallExpression": {
      "type": "object",
      "properties": {
        "$type": {
          "type": "string",
          "MultiplicityElement": {
            "lower": 1,
            "upper": 1
          },
          "Description": "Discriminator specifies the data type name"
        },
        "function": {
          "type": "string",
          "MultiplicityElement": {
            "lower": 1,
            "upper": 1
          },
          "Description": "The name of the function being called."
        },
        "isSdtlName": {
          "type": "boolean",
          "MultiplicityElement": {
            "lower": 1,
            "upper": 1
          },
          "Description": "When true, the Function property contains the name of a function from the SDTL function library. When false, the Function property contains the name of a system-specific or user-defined function."
        },
        "arguments": {
          "type": "array",
          "items": {
            "$ref": "#/definitions/functionArgument"
          },
          "minItems": 0,
          "Description": "A list of parameters to the function."
        }
      },
      "additionalProperties": false
    },
    "groupedExpression": {
      "type": "object",
      "properties": {
        "$type": {
          "type": "string",
          "MultiplicityElement": {
            "lower": 1,
            "upper": 1
          },
          "Description": "Discriminator specifies the data type name"
        },
        "expression": {
          "$ref": "#/definitions/expressionBase",
          "MultiplicityElement": {
            "lower": 1,
            "upper": 1
          },
          "Description": "Expression to be evaluated."
        }
      },
      "additionalProperties": false
    },
    "ifRows": {
      "type": "object",
      "properties": {
        "$type": {
          "type": "string",
          "MultiplicityElement": {
            "lower": 1,
            "upper": 1
          },
          "Description": "Discriminator specifies the data type name"
        },
        "condition": {
          "$ref": "#/definitions/expressionBase",
          "MultiplicityElement": {
            "lower": 1,
            "upper": 1
          },
          "Description": "A logical expression that is evaluated separately for every row in the dataframe."
        },
        "thenCommands": {
          "type": "array",
          "items": {
            "$ref": "#/definitions/commandBase"
          },
          "minItems": 1,
          "Description": "Commands to be performed if the condition is true."
        },
        "elseCommands": {
          "type": "array",
          "items": {
            "$ref": "#/definitions/commandBase"
          },
          "minItems": 0,
          "Description": "Commands to be performed if the condition is false."
        }
      },
      "additionalProperties": false
    },
    "informBase": {
      "type": "object",
      "properties": {
        "$type": {
          "type": "string",
          "MultiplicityElement": {
            "lower": 1,
            "upper": 1
          },
          "Description": "Discriminator specifies the data type name"
        }
      },
      "additionalProperties": false
    },
    "invalid": {
      "type": "object",
      "properties": {
        "$type": {
          "type": "string",
          "MultiplicityElement": {
            "lower": 1,
            "upper": 1
          },
          "Description": "Discriminator specifies the data type name"
        },
        "problemDescription": {
          "type": "string",
          "MultiplicityElement": {
            "lower": 1,
            "upper": 1
          },
          "Description": "A message describing the issue with the invalid command."
        }
      },
      "additionalProperties": false
    },
    "iteratorDescription": {
      "type": "object",
      "properties": {
        "$type": {
          "type": "string",
          "MultiplicityElement": {
            "lower": 1,
            "upper": 1
          },
          "Description": "Discriminator specifies the data type name"
        },
        "iteratorSymbolName": {
          "$ref": "#/definitions/iteratorSymbolExpression",
          "MultiplicityElement": {
            "lower": 1,
            "upper": 1
          },
          "Description": "The name used in  IteratorCommands  for the index variable that changes value in the loop."
        },
        "iteratorValues": {
          "type": "array",
          "items": {
            "$ref": "#/definitions/expressionBase"
          },
          "minItems": 1,
          "Description": "Describes the values that are substituted for the index variable that changes value in the loop."
        }
      },
      "additionalProperties": false
    },
    "iteratorSymbolExpression": {
      "type": "object",
      "properties": {
        "$type": {
          "type": "string",
          "MultiplicityElement": {
            "lower": 1,
            "upper": 1
          },
          "Description": "Discriminator specifies the data type name"
        },
        "name": {
          "type": "string",
          "MultiplicityElement": {
            "lower": 1,
            "upper": 1
          },
          "Description": "A name used for the index variable that takes different values inside a loop."
        }
      },
      "additionalProperties": false
    },
    "keepCases": {
      "type": "object",
      "properties": {
        "$type": {
          "type": "string",
          "MultiplicityElement": {
            "lower": 1,
            "upper": 1
          },
          "Description": "Discriminator specifies the data type name"
        },
        "condition": {
          "$ref": "#/definitions/expressionBase",
          "MultiplicityElement": {
            "lower": 0,
            "upper": 1
          },
          "Description": "The logical expresion that must be true for a case to remain in the working dataset."
        }
      },
      "additionalProperties": false
    },
    "keepVariables": {
      "type": "object",
      "properties": {
        "$type": {
          "type": "string",
          "MultiplicityElement": {
            "lower": 1,
            "upper": 1
          },
          "Description": "Discriminator specifies the data type name"
        },
        "variables": {
          "type": "array",
          "items": {
            "$ref": "#/definitions/variableReferenceBase"
          },
          "minItems": 0,
          "Description": "The variables to be kept in the dataset."
        }
      },
      "additionalProperties": false
    },
    "load": {
      "type": "object",
      "properties": {
        "$type": {
          "type": "string",
          "MultiplicityElement": {
            "lower": 1,
            "upper": 1
          },
          "Description": "Discriminator specifies the data type name"
        },
        "fileName": {
          "type": "string",
          "MultiplicityElement": {
            "lower": 1,
            "upper": 1
          },
          "Description": "The name of the file to be loaded."
        },
        "software": {
          "type": "string",
          "MultiplicityElement": {
            "lower": 0,
            "upper": 1
          },
          "Description": "The software package that works with the file."
        },
        "fileFormat": {
          "type": "string",
          "MultiplicityElement": {
            "lower": 0,
            "upper": 1
          },
          "Description": "The name of a file format"
        },
        "isCompressed": {
          "type": "boolean",
          "MultiplicityElement": {
            "lower": 0,
            "upper": 1
          },
          "Description": "Indicates whether the file format is compressed."
        }
      },
      "additionalProperties": false
    },
    "loopOverList": {
      "type": "object",
      "properties": {
        "$type": {
          "type": "string",
          "MultiplicityElement": {
            "lower": 1,
            "upper": 1
          },
          "Description": "Discriminator specifies the data type name"
        },
        "iterators": {
          "type": "array",
          "items": {
            "$ref": "#/definitions/iteratorDescription"
          },
          "minItems": 1,
          "Description": "Describes one or more iteration processes in this loop."
        },
        "commands": {
          "type": "array",
          "items": {
            "$ref": "#/definitions/commandBase"
          },
          "minItems": 1,
          "Description": "Commands generated by the loop expanded by replacing tokens representing variables, numbers, or strings with their values."
        },
        "updated": {
          "type": "boolean",
          "MultiplicityElement": {
            "lower": 0,
            "upper": 1
          },
          "Description": "When TRUE, the loop has been expanded into separate commands."
        }
      },
      "additionalProperties": false
    },
    "loopWhile": {
      "type": "object",
      "properties": {
        "$type": {
          "type": "string",
          "MultiplicityElement": {
            "lower": 1,
            "upper": 1
          },
          "Description": "Discriminator specifies the data type name"
        },
        "condition": {
          "$ref": "#/definitions/expressionBase",
          "MultiplicityElement": {
            "lower": 0,
            "upper": 1
          },
          "Description": "Describes a condition required for the next iteration to begin.  "
        },
        "endCondition": {
          "$ref": "#/definitions/expressionBase",
          "MultiplicityElement": {
            "lower": 0,
            "upper": 1
          },
          "Description": "Describes a condition that ends interation.  "
        },
        "commands": {
          "type": "array",
          "items": {
            "$ref": "#/definitions/commandBase"
          },
          "minItems": 1,
          "Description": "Commands within the loop."
        },
        "updated": {
          "type": "boolean",
          "MultiplicityElement": {
            "lower": 0,
            "upper": 1
          },
          "Description": "When TRUE, the loop has been expanded into separate commands."
        }
      },
      "additionalProperties": false
    },
    "mergeDatasets": {
      "type": "object",
      "properties": {
        "$type": {
          "type": "string",
          "MultiplicityElement": {
            "lower": 1,
            "upper": 1
          },
          "Description": "Discriminator specifies the data type name"
        },
        "mergeFiles": {
          "type": "array",
          "items": {
            "$ref": "#/definitions/mergeFileDescription"
          },
          "minItems": 2,
          "Description": "Description of files to be merged."
        },
        "mergeByVariables": {
          "$ref": "#/definitions/variableReferenceBase",
          "MultiplicityElement": {
            "lower": 0,
            "upper": 1
          },
          "Description": "A variable or list of variables that acts as the unique case identifier across datasets.  If MergeByVariables is absent, MergeType must be \"sequential\" on all files."
        },
        "firstVariable": {
          "type": "string",
          "MultiplicityElement": {
            "lower": 0,
            "upper": 1
          },
          "Description": "The name of a variable set to 1 for the first row of each group of cases with the same value for the MergeByVariables variables and set to  0 for all other rows."
        },
        "lastVariable": {
          "type": "string",
          "MultiplicityElement": {
            "lower": 0,
            "upper": 1
          },
          "Description": "The name of a variable set to 1 for the last row of each group of cases with the same value for the MergeByVariables variables and set to  0 for all other rows."
        }
      },
      "additionalProperties": false
    },
    "mergeFileDescription": {
      "type": "object",
      "properties": {
        "$type": {
          "type": "string",
          "MultiplicityElement": {
            "lower": 1,
            "upper": 1
          },
          "Description": "Discriminator specifies the data type name"
        },
        "fileName": {
          "type": "string",
          "MultiplicityElement": {
            "lower": 1,
            "upper": 1
          },
          "Description": "Name of the file being merged.  May be the name of an active dataframe."
        },
        "mergeType": {
          "type": "string",
          "MultiplicityElement": {
            "lower": 1,
            "upper": 1
          },
          "Description": "Describes the type of merge performed. "
        },
        "mergeFlagVariable": {
          "type": "string",
          "MultiplicityElement": {
            "lower": 0,
            "upper": 1
          },
          "Description": "Name of a new variable indicating whether the row came from this file or a different input file."
        },
        "renameVariables": {
          "type": "array",
          "items": {
            "$ref": "#/definitions/renamePair"
          },
          "minItems": 0,
          "Description": "Variables to be renamed"
        },
        "update": {
          "type": "string",
          "MultiplicityElement": {
            "lower": 1,
            "upper": 1
          },
          "Description": "When the same variables exist in more than one dataframe. values in the \"Master\" dataframe can be replaced by values from a different dataframe. \"Master\" is the default value.  \"Ignore\" means values in this dataframe are never used.  \"FillNew\" is used on rows not found in the \"Master\" dataframe.  \"UpdateMissing\" replaces missing values in the \"Master\" dataframe. \"Replace\" changes all values in the \"Master\" dataframe.\""
        },
        "newRow": {
          "type": "boolean",
          "MultiplicityElement": {
            "lower": 1,
            "upper": 1
          },
          "Description": "When TRUE,  generate new row when not matched to other files"
        },
        "keepVariables": {
          "type": "array",
          "items": {
            "$ref": "#/definitions/variableReferenceBase"
          },
          "minItems": 0,
          "Description": "List of variables to keep"
        },
        "dropVariables": {
          "type": "array",
          "items": {
            "$ref": "#/definitions/variableReferenceBase"
          },
          "minItems": 0,
          "Description": "List of variables to drop"
        },
        "keepCasesCondition": {
          "$ref": "#/definitions/expressionBase",
          "MultiplicityElement": {
            "lower": 0,
            "upper": 1
          },
          "Description": "Logical condition for keeping rows."
        },
        "dropCasesCondition": {
          "$ref": "#/definitions/expressionBase",
          "MultiplicityElement": {
            "lower": 0,
            "upper": 1
          },
          "Description": "Logical condition for dropping rows."
        },
        "mergeByNames": {
          "type": "array",
          "items": {
            "$ref": "#/definitions/variableReferenceBase"
          },
          "minItems": 0,
          "Description": "An ordered list of variables used as keys  in this file to be matched to the variables in the mergeByVariables property of the MergeDatasets command.  This property is only used when the key variables in this file have different names than the variable names listed in the MergeDatasets command."
        },
        "software": {
          "type": "string",
          "MultiplicityElement": {
            "lower": 0,
            "upper": 1
          },
          "Description": "The software package that works with the file."
        },
        "fileFormat": {
          "type": "string",
          "MultiplicityElement": {
            "lower": 0,
            "upper": 1
          },
          "Description": "The name of a file format"
        },
        "isCompressed": {
          "type": "boolean",
          "MultiplicityElement": {
            "lower": 0,
            "upper": 1
          },
          "Description": "Indicates whether the file format is compressed."
        }
      },
      "additionalProperties": false
    },
    "message": {
      "type": "object",
      "properties": {
        "$type": {
          "type": "string",
          "MultiplicityElement": {
            "lower": 1,
            "upper": 1
          },
          "Description": "Discriminator specifies the data type name"
        },
        "severity": {
          "type": "string",
          "MultiplicityElement": {
            "lower": 0,
            "upper": 1
          },
          "Description": "Information, Warning, Error"
        },
        "lineNumber": {
          "type": "integer",
          "MultiplicityElement": {
            "lower": 0,
            "upper": 1
          },
          "Description": "The line number of the source that the messages is related to, if relevant."
        },
        "characterPosition": {
          "type": "integer",
          "MultiplicityElement": {
            "lower": 0,
            "upper": 1
          },
          "Description": "The character position of the source that the message is related to, if relevant."
        }
      },
      "additionalProperties": false
    },
    "missingValueConstantExpression": {
      "type": "object",
      "properties": {
        "$type": {
          "type": "string",
          "MultiplicityElement": {
            "lower": 1,
            "upper": 1
          },
          "Description": "Discriminator specifies the data type name"
        },
        "value": {
          "type": "string",
          "MultiplicityElement": {
            "lower": 0,
            "upper": 1
          },
          "Description": "The missing value as it appears in the system (e.g., .a, .b, .c).  If Null, this is the system missing value."
        }
      },
      "additionalProperties": false
    },
    "newDataframe": {
      "type": "object",
      "properties": {
        "$type": {
          "type": "string",
          "MultiplicityElement": {
            "lower": 1,
            "upper": 1
          },
          "Description": "Discriminator specifies the data type name"
        },
        "numberOfRows": {
          "type": "integer",
          "MultiplicityElement": {
            "lower": 0,
            "upper": 1
          },
          "Description": "Number of rows in new dataframe"
        },
        "numberOfColumns": {
          "type": "integer",
          "MultiplicityElement": {
            "lower": 0,
            "upper": 1
          },
          "Description": "Number of columns in new dataframe"
        }
      },
      "additionalProperties": false
    },
    "noTransformOp": {
      "type": "object",
      "properties": {
        "$type": {
          "type": "string",
          "MultiplicityElement": {
            "lower": 1,
            "upper": 1
          },
          "Description": "Discriminator specifies the data type name"
        }
      },
      "additionalProperties": false
    },
    "numberRangeExpression": {
      "type": "object",
      "properties": {
        "$type": {
          "type": "string",
          "MultiplicityElement": {
            "lower": 1,
            "upper": 1
          },
          "Description": "Discriminator specifies the data type name"
        },
        "numberRangeStart": {
          "$ref": "#/definitions/expressionBase",
          "MultiplicityElement": {
            "lower": 1,
            "upper": 1
          },
          "Description": "Starting value for range"
        },
        "numberRangeEnd": {
          "$ref": "#/definitions/expressionBase",
          "MultiplicityElement": {
            "lower": 1,
            "upper": 1
          },
          "Description": "Ending value for range"
        },
        "numberRangeIncrement": {
          "$ref": "#/definitions/expressionBase",
          "MultiplicityElement": {
            "lower": 0,
            "upper": 1
          },
          "Description": "Increment for stepping through range"
        }
      },
      "additionalProperties": false
    },
    "numericConstantExpression": {
      "type": "object",
      "properties": {
        "$type": {
          "type": "string",
          "MultiplicityElement": {
            "lower": 1,
            "upper": 1
          },
          "Description": "Discriminator specifies the data type name"
        },
        "value": {
          "type": "string",
          "MultiplicityElement": {
            "lower": 1,
            "upper": 1
          },
          "Description": "A number"
        },
        "numericType": {
          "type": "string",
          "MultiplicityElement": {
            "lower": 1,
            "upper": 1
          },
          "Description": "Type of the number"
        }
      },
      "additionalProperties": false
    },
    "numericMaximumValueExpression": {
      "type": "object",
      "properties": {
        "$type": {
          "type": "string",
          "MultiplicityElement": {
            "lower": 1,
            "upper": 1
          },
          "Description": "Discriminator specifies the data type name"
        }
      },
      "additionalProperties": false
    },
    "numericMinimumValueExpression": {
      "type": "object",
      "properties": {
        "$type": {
          "type": "string",
          "MultiplicityElement": {
            "lower": 1,
            "upper": 1
          },
          "Description": "Discriminator specifies the data type name"
        }
      },
      "additionalProperties": false
    },
    "recode": {
      "type": "object",
      "properties": {
        "$type": {
          "type": "string",
          "MultiplicityElement": {
            "lower": 1,
            "upper": 1
          },
          "Description": "Discriminator specifies the data type name"
        },
        "recodedVariables": {
          "type": "array",
          "items": {
            "$ref": "#/definitions/recodeVariable"
          },
          "minItems": 0,
          "Description": "The variables that will have their values recoded. The resulting values may be either stored in the same variable, or a newly created destination variable"
        },
        "recodedVariableRange": {
          "$ref": "#/definitions/variableRangeExpression",
          "MultiplicityElement": {
            "lower": 0,
            "upper": 1
          },
          "Description": "A range of variables to which the recode rules are applied. The resulting values are stored in the same variable."
        },
        "rules": {
          "type": "array",
          "items": {
            "$ref": "#/definitions/recodeRule"
          },
          "minItems": 0,
          "Description": "A mapping describing which values will be recoded to which new values"
        }
      },
      "additionalProperties": false
    },
    "recodeRule": {
      "type": "object",
      "properties": {
        "fromValue": {
          "type": "array",
          "items": {
            "$ref": "#/definitions/expressionBase"
          },
          "minItems": 0,
          "Description": "The values to be recoded."
        },
        "to": {
          "type": "string",
          "MultiplicityElement": {
            "lower": 0,
            "upper": 1
          },
          "Description": "The new value"
        },
        "label": {
          "type": "string",
          "MultiplicityElement": {
            "lower": 0,
            "upper": 1
          },
          "Description": "A value label for the new recoded value, if appropriate"
        }
      },
      "additionalProperties": false
    },
    "recodeVariable": {
      "type": "object",
      "properties": {
        "source": {
          "type": "string",
          "MultiplicityElement": {
            "lower": 0,
            "upper": 1
          },
          "Description": "The name of the variable which will have its values recoded"
        },
        "target": {
          "type": "string",
          "MultiplicityElement": {
            "lower": 0,
            "upper": 1
          },
          "Description": "The name of the new variable into which the recoded values are inserted. This may be the same as the source variable if values are recoded in place."
        }
      },
      "additionalProperties": false
    },
    "rename": {
      "type": "object",
      "properties": {
        "$type": {
          "type": "string",
          "MultiplicityElement": {
            "lower": 1,
            "upper": 1
          },
          "Description": "Discriminator specifies the data type name"
        },
        "renames": {
          "type": "array",
          "items": {
            "$ref": "#/definitions/renamePair"
          },
          "minItems": 1,
          "Description": "A list of variable rename objects, which includes the old name and the new name."
        }
      },
      "additionalProperties": false
    },
    "renamePair": {
      "type": "object",
      "properties": {
        "$type": {
          "type": "string",
          "MultiplicityElement": {
            "lower": 1,
            "upper": 1
          },
          "Description": "Discriminator specifies the data type name"
        },
        "oldVariable": {
          "$ref": "#/definitions/variableSymbolExpression",
          "MultiplicityElement": {
            "lower": 1,
            "upper": 1
          },
          "Description": "The old name of the variable."
        },
        "newVariable": {
          "$ref": "#/definitions/variableSymbolExpression",
          "MultiplicityElement": {
            "lower": 1,
            "upper": 1
          },
          "Description": "The new name of the variable."
        }
      },
      "additionalProperties": false
    },
    "reshapeItemDescription": {
      "type": "object",
      "properties": {
        "$type": {
          "type": "string",
          "MultiplicityElement": {
            "lower": 1,
            "upper": 1
          },
          "Description": "Discriminator specifies the data type name"
        },
        "targetVariableName": {
          "type": "string",
          "MultiplicityElement": {
            "lower": 0,
            "upper": 1
          },
          "Description": "Name of new variable created by this command."
        },
        "targetVariableLabel": {
          "type": "string",
          "MultiplicityElement": {
            "lower": 0,
            "upper": 1
          },
          "Description": "Label for new variable created by this command."
        },
        "sourceVariables": {
          "$ref": "#/definitions/variableReferenceBase",
          "MultiplicityElement": {
            "lower": 0,
            "upper": 1
          },
          "Description": "Source variables in the original dataset used to create this variable."
        },
        "stub": {
          "type": "string",
          "MultiplicityElement": {
            "lower": 0,
            "upper": 1
          },
          "Description": "The stub is a string used in the names of variables in the wide dataset."
        },
        "indexValues": {
          "$ref": "#/definitions/expressionBase",
          "MultiplicityElement": {
            "lower": 0,
            "upper": 1
          },
          "Description": "A list of values that produce new rows (long) or columns (wide) for this variable."
        },
        "indexVariableName": {
          "type": "string",
          "MultiplicityElement": {
            "lower": 0,
            "upper": 1
          },
          "Description": "Name of the variable that will contain the value of the index for this row."
        },
        "indexVariableLabel": {
          "type": "string",
          "MultiplicityElement": {
            "lower": 0,
            "upper": 1
          },
          "Description": "Label for the variable in IndexVariableName."
        }
      },
      "additionalProperties": false
    },
    "reshapeLong": {
      "type": "object",
      "properties": {
        "$type": {
          "type": "string",
          "MultiplicityElement": {
            "lower": 1,
            "upper": 1
          },
          "Description": "Discriminator specifies the data type name"
        },
        "makeItems": {
          "type": "array",
          "items": {
            "$ref": "#/definitions/reshapeItemDescription"
          },
          "minItems": 0,
          "Description": "New variables created by this command."
        },
        "caseNumberVariable": {
          "type": "string",
          "MultiplicityElement": {
            "lower": 0,
            "upper": 1
          },
          "Description": "New variable identifying the case number in the wide data that created this row."
        },
        "iDVariables": {
          "$ref": "#/definitions/variableReferenceBase",
          "MultiplicityElement": {
            "lower": 0,
            "upper": 1
          },
          "Description": "One or more variables identifying unique rows in the wide data."
        },
        "dropVariables": {
          "$ref": "#/definitions/variableReferenceBase",
          "MultiplicityElement": {
            "lower": 0,
            "upper": 1
          },
          "Description": "Variables to be dropped from the new dataset."
        },
        "keepVariables": {
          "$ref": "#/definitions/variableReferenceBase",
          "MultiplicityElement": {
            "lower": 0,
            "upper": 1
          },
          "Description": "Variables to be kept in the new dataset."
        },
        "keepNullCases": {
          "type": "boolean",
          "MultiplicityElement": {
            "lower": 0,
            "upper": 1
          },
          "Description": "When set to TRUE, rows in which all constructed variables are missing are not deleted."
        },
        "countByID": {
          "type": "string",
          "MultiplicityElement": {
            "lower": 0,
            "upper": 1
          },
          "Description": "New variable with the number of cases in the long dataset that were created from the source row in the wide dataset."
        },
        "countByIDLabel": {
          "type": "string",
          "MultiplicityElement": {
            "lower": 0,
            "upper": 1
          },
          "Description": "Label for the CountByID variable."
        }
      },
      "additionalProperties": false
    },
    "reshapeWide": {
      "type": "object",
      "properties": {
        "$type": {
          "type": "string",
          "MultiplicityElement": {
            "lower": 1,
            "upper": 1
          },
          "Description": "Discriminator specifies the data type name"
        },
        "makeItems": {
          "type": "array",
          "items": {
            "$ref": "#/definitions/reshapeItemDescription"
          },
          "minItems": 0,
          "Description": "New variables created by this command."
        },
        "iDVariables": {
          "$ref": "#/definitions/variableReferenceBase",
          "MultiplicityElement": {
            "lower": 0,
            "upper": 1
          },
          "Description": "One or more variables identifying unique rows in the wide data."
        },
        "dropVariables": {
          "$ref": "#/definitions/variableReferenceBase",
          "MultiplicityElement": {
            "lower": 0,
            "upper": 1
          },
          "Description": "Variables to be dropped from the new dataset."
        },
        "keepVariables": {
          "$ref": "#/definitions/variableReferenceBase",
          "MultiplicityElement": {
            "lower": 0,
            "upper": 1
          },
          "Description": "Variables to be kept in the new dataset."
        }
      },
      "additionalProperties": false
    },
    "save": {
      "type": "object",
      "properties": {
        "$type": {
          "type": "string",
          "MultiplicityElement": {
            "lower": 1,
            "upper": 1
          },
          "Description": "Discriminator specifies the data type name"
        },
        "fileName": {
          "type": "string",
          "MultiplicityElement": {
            "lower": 0,
            "upper": 1
          },
          "Description": "The name of the file to be saved."
        },
        "software": {
          "type": "string",
          "MultiplicityElement": {
            "lower": 0,
            "upper": 1
          },
          "Description": "The software package that works with the file."
        },
        "fileFormat": {
          "type": "string",
          "MultiplicityElement": {
            "lower": 0,
            "upper": 1
          },
          "Description": "The name of a file format"
        },
        "isCompressed": {
          "type": "boolean",
          "MultiplicityElement": {
            "lower": 0,
            "upper": 1
          },
          "Description": "Indicates whether the file format is compressed."
        }
      },
      "additionalProperties": false
    },
    "setDatasetProperty": {
      "type": "object",
      "properties": {
        "$type": {
          "type": "string",
          "MultiplicityElement": {
            "lower": 1,
            "upper": 1
          },
          "Description": "Discriminator specifies the data type name"
        },
        "propertyName": {
          "type": "string",
          "MultiplicityElement": {
            "lower": 1,
            "upper": 1
          },
          "Description": "The name of the property to be set (for example, 'Title' or 'Subtitle')."
        },
        "value": {
          "type": "string",
          "MultiplicityElement": {
            "lower": 1,
            "upper": 1
          },
          "Description": "The value of the property."
        }
      },
      "additionalProperties": false
    },
    "setDataType": {
      "type": "object",
      "properties": {
        "$type": {
          "type": "string",
          "MultiplicityElement": {
            "lower": 1,
            "upper": 1
          },
          "Description": "Discriminator specifies the data type name"
        },
        "variables": {
          "type": "array",
          "items": {
            "$ref": "#/definitions/variableReferenceBase"
          },
          "minItems": 0,
          "Description": "The variables that will have their type set"
        },
        "dataType": {
          "type": "string",
          "MultiplicityElement": {
            "lower": 1,
            "upper": 1
          },
          "Description": "General type of a variable,  e.g.  \"Text\" or \"Numeric\"."
        },
        "subTypeSchema": {
          "type": "string",
          "MultiplicityElement": {
            "lower": 0,
            "upper": 1
          },
          "Description": "A vendor or standards body with a controlled vocabulary.  The value can be a URL."
        },
        "subType": {
          "type": "string",
          "MultiplicityElement": {
            "lower": 0,
            "upper": 1
          },
          "Description": "The name used in the associated schema."
        }
      },
      "additionalProperties": false
    },
    "setDisplayFormat": {
      "type": "object",
      "properties": {
        "$type": {
          "type": "string",
          "MultiplicityElement": {
            "lower": 1,
            "upper": 1
          },
          "Description": "Discriminator specifies the data type name"
        },
        "variables": {
          "type": "array",
          "items": {
            "$ref": "#/definitions/variableReferenceBase"
          },
          "minItems": 1,
          "Description": "The variables that will have their format set"
        },
        "displayFormatSchema": {
          "type": "string",
          "MultiplicityElement": {
            "lower": 0,
            "upper": 1
          },
          "Description": "A vendor or standards body with a controlled vocabulary.  The value can be a URL."
        },
        "displayFormatName": {
          "type": "string",
          "MultiplicityElement": {
            "lower": 0,
            "upper": 1
          },
          "Description": "The name used in the associated schema."
        }
      },
      "additionalProperties": false
    },
    "setMissingValues": {
      "type": "object",
      "properties": {
        "$type": {
          "type": "string",
          "MultiplicityElement": {
            "lower": 1,
            "upper": 1
          },
          "Description": "Discriminator specifies the data type name"
        },
        "variables": {
          "type": "array",
          "items": {
            "$ref": "#/definitions/variableReferenceBase"
          },
          "minItems": 1,
          "Description": "The list of variables to which the missing values are assigned"
        },
        "values": {
          "type": "array",
          "items": {
            "$ref": "#/definitions/expressionBase"
          },
          "minItems": 1,
          "Description": "The values to be considered as missing values"
        }
      },
      "additionalProperties": false
    },
    "setValueLabels": {
      "type": "object",
      "properties": {
        "$type": {
          "type": "string",
          "MultiplicityElement": {
            "lower": 1,
            "upper": 1
          },
          "Description": "Discriminator specifies the data type name"
        },
        "variables": {
          "type": "array",
          "items": {
            "$ref": "#/definitions/variableReferenceBase"
          },
          "minItems": 1,
          "Description": "The variables to which a label will be assigned"
        },
        "labels": {
          "type": "array",
          "items": {
            "$ref": "#/definitions/valueLabel"
          },
          "minItems": 1,
          "Description": "The label to be assigned to the variables"
        }
      },
      "additionalProperties": false
    },
    "setVariableLabel": {
      "type": "object",
      "properties": {
        "$type": {
          "type": "string",
          "MultiplicityElement": {
            "lower": 1,
            "upper": 1
          },
          "Description": "Discriminator specifies the data type name"
        },
        "variable": {
          "$ref": "#/definitions/variableReferenceBase",
          "MultiplicityElement": {
            "lower": 1,
            "upper": 1
          },
          "Description": "The name of the variable to which a label will be assigned"
        },
        "label": {
          "type": "string",
          "MultiplicityElement": {
            "lower": 1,
            "upper": 1
          },
          "Description": "The label to be assigned to the variable"
        }
      },
      "additionalProperties": false
    },
    "sortCases": {
      "type": "object",
      "properties": {
        "$type": {
          "type": "string",
          "MultiplicityElement": {
            "lower": 1,
            "upper": 1
          },
          "Description": "Discriminator specifies the data type name"
        },
        "sortCriteria": {
          "type": "array",
          "items": {
            "$ref": "#/definitions/sortCriterion"
          },
          "minItems": 1,
          "Description": "Describes how cases are sorted."
        }
      },
      "additionalProperties": false
    },
    "sortCriterion": {
      "type": "object",
      "properties": {
        "variable": {
          "$ref": "#/definitions/variableReferenceBase",
          "MultiplicityElement": {
            "lower": 1,
            "upper": 1
          },
          "Description": "The variable used to sort."
        },
        "sortDirection": {
          "type": "string",
          "MultiplicityElement": {
            "lower": 1,
            "upper": 1
          },
          "Description": "The direction in which to sort."
        }
      },
      "additionalProperties": false
    },
    "sourceInformation": {
      "type": "object",
      "properties": {
        "lineNumberStart": {
          "type": "integer",
          "MultiplicityElement": {
            "lower": 0,
            "upper": 1
          },
          "Description": "The line number of the beginning of the transform code"
        },
        "lineNumberEnd": {
          "type": "integer",
          "MultiplicityElement": {
            "lower": 0,
            "upper": 1
          },
          "Description": "The line number of the end of the transform code"
        },
        "sourceStartIndex": {
          "type": "integer",
          "MultiplicityElement": {
            "lower": 0,
            "upper": 1
          },
          "Description": "The character index of the beginning of the transform code"
        },
        "sourceStopIndex": {
          "type": "integer",
          "MultiplicityElement": {
            "lower": 0,
            "upper": 1
          },
          "Description": "The character index of the end of the transform code"
        },
        "originalSourceText": {
          "type": "string",
          "MultiplicityElement": {
            "lower": 0,
            "upper": 1
          },
          "Description": "The original source code of the data transform code"
        },
        "processedSourceText": {
          "type": "string",
          "MultiplicityElement": {
            "lower": 0,
            "upper": 1
          },
          "Description": "The source code of the data transform code after processing macros or loops"
        }
      },
      "additionalProperties": false
    },
    "stringConstantExpression": {
      "type": "object",
      "properties": {
        "$type": {
          "type": "string",
          "MultiplicityElement": {
            "lower": 1,
            "upper": 1
          },
          "Description": "Discriminator specifies the data type name"
        },
        "value": {
          "type": "string",
          "MultiplicityElement": {
            "lower": 1,
            "upper": 1
          },
          "Description": "A string"
        }
      },
      "additionalProperties": false
    },
    "stringRangeExpression": {
      "type": "object",
      "properties": {
        "$type": {
          "type": "string",
          "MultiplicityElement": {
            "lower": 1,
            "upper": 1
          },
          "Description": "Discriminator specifies the data type name"
        },
        "rangeStart": {
          "type": "string",
          "MultiplicityElement": {
            "lower": 1,
            "upper": 1
          },
          "Description": "Starting value for range"
        },
        "rangeEnd": {
          "type": "string",
          "MultiplicityElement": {
            "lower": 1,
            "upper": 1
          },
          "Description": "Ending value for range"
        }
      },
      "additionalProperties": false
    },
    "timeDurationConstant": {
      "type": "object",
      "properties": {
        "$type": {
          "type": "string",
          "MultiplicityElement": {
            "lower": 1,
            "upper": 1
          },
          "Description": "Discriminator specifies the data type name"
        },
        "timeDurationValue": {
          "$ref": "#/simpleType/duration",
          "MultiplicityElement": {
            "lower": 1,
            "upper": 1
          },
          "Description": "A duration of time in ISO 8601 format"
        }
      },
      "additionalProperties": false
    },
    "transformBase": {
      "type": "object",
      "properties": {
        "$type": {
          "type": "string",
          "MultiplicityElement": {
            "lower": 1,
            "upper": 1
          },
          "Description": "Discriminator specifies the data type name"
        },
        "producesDataframe": {
          "type": "array",
          "items": {
            "$ref": "#/definitions/dataframeDescription"
          },
          "minItems": 0,
          "Description": "Signify the dataframe which this transform produces."
        },
        "consumesDataframe": {
          "type": "array",
          "items": {
            "$ref": "#/definitions/dataframeDescription"
          },
          "minItems": 0,
          "Description": "Signify the dataframe which this transform acts upon."
        }
      },
      "additionalProperties": false
    },
    "unhandledValuesExpression": {
      "type": "object",
      "properties": {
        "$type": {
          "type": "string",
          "MultiplicityElement": {
            "lower": 1,
            "upper": 1
          },
          "Description": "Discriminator specifies the data type name"
        }
      },
      "additionalProperties": false
    },
    "unsupported": {
      "type": "object",
      "properties": {
        "$type": {
          "type": "string",
          "MultiplicityElement": {
            "lower": 1,
            "upper": 1
          },
          "Description": "Discriminator specifies the data type name"
        }
      },
      "additionalProperties": false
    },
    "valueLabel": {
      "type": "object",
      "properties": {
        "value": {
          "type": "string",
          "MultiplicityElement": {
            "lower": 1,
            "upper": 1
          },
          "Description": "The value to which a label is assigned"
        },
        "label": {
          "type": "string",
          "MultiplicityElement": {
            "lower": 1,
            "upper": 1
          },
          "Description": "The label to be assigned to the value"
        }
      },
      "additionalProperties": false
    },
    "valueListExpression": {
      "type": "object",
      "properties": {
        "$type": {
          "type": "string",
          "MultiplicityElement": {
            "lower": 1,
            "upper": 1
          },
          "Description": "Discriminator specifies the data type name"
        },
        "values": {
          "type": "array",
          "items": {
            "$ref": "#/definitions/expressionBase"
          },
          "minItems": 1,
          "Description": "The list of expressions."
        }
      },
      "additionalProperties": false
    },
    "variableListExpression": {
      "type": "object",
      "properties": {
        "$type": {
          "type": "string",
          "MultiplicityElement": {
            "lower": 1,
            "upper": 1
          },
          "Description": "Discriminator specifies the data type name"
        },
        "variables": {
          "type": "array",
          "items": {
            "$ref": "#/definitions/variableReferenceBase"
          },
          "minItems": 1,
          "Description": "An array of variables and/or variable ranges"
        }
      },
      "additionalProperties": false
    },
    "variableRangeExpression": {
      "type": "object",
      "properties": {
        "$type": {
          "type": "string",
          "MultiplicityElement": {
            "lower": 1,
            "upper": 1
          },
          "Description": "Discriminator specifies the data type name"
        },
        "first": {
          "type": "string",
          "MultiplicityElement": {
            "lower": 1,
            "upper": 1
          },
          "Description": "Lowest variable name in range"
        },
        "last": {
          "type": "string",
          "MultiplicityElement": {
            "lower": 1,
            "upper": 1
          },
          "Description": "Highest variable name in range"
        }
      },
      "additionalProperties": false
    },
    "variableReferenceBase": {
      "type": "object",
      "properties": {
        "$type": {
          "type": "string",
          "MultiplicityElement": {
            "lower": 1,
            "upper": 1
          },
          "Description": "Discriminator specifies the data type name"
        }
      },
      "additionalProperties": false
    },
    "variableSymbolExpression": {
      "type": "object",
      "properties": {
        "$type": {
          "type": "string",
          "MultiplicityElement": {
            "lower": 1,
            "upper": 1
          },
          "Description": "Discriminator specifies the data type name"
        },
        "variableName": {
          "type": "string",
          "MultiplicityElement": {
            "lower": 1,
            "upper": 1
          },
          "Description": "The name of a variable"
        }
      },
      "additionalProperties": false
    },
    "reference": {
      "type": "object",
      "properties": {
        "$type": {
          "type": "string"
        },
        "value": {
          "type": "array",
          "items": {
            "type": "string"
          }
        }
      },
      "additionalProperties": false
    }
  },
  "properties": {
    "topLevelReference": {
      "type": "array",
      "items": {
        "$ref": "#/definitions/reference",
        "minItems": 0
      }
    },
    "program": {
      "type": "object",
      "patternProperties": {
        "^(?!\\s*$).+": {
          "type": "object",
          "id": "#program",
          "properties": {
            "ID": {
              "type": "string",
              "MultiplicityElement": {
                "lower": 1,
                "upper": 1
              },
              "Description": "ID of the object being referenced."
            },
            "SourceFileName": {
              "type": "string",
              "MultiplicityElement": {
                "lower": 0,
                "upper": 1
              },
              "Description": "The name of the file containing the source code."
            },
            "SourceLanguage": {
              "type": "string",
              "MultiplicityElement": {
                "lower": 0,
                "upper": 1
              },
              "Description": "The language of the source code."
            },
            "ScriptMD5": {
              "type": "string",
              "MultiplicityElement": {
                "lower": 0,
                "upper": 1
              },
              "Description": "The MD5 hash of the contents of the file."
            },
            "ScriptSHA1": {
              "type": "string",
              "MultiplicityElement": {
                "lower": 0,
                "upper": 1
              },
              "Description": "The SHA-1 hash of the contents of the file."
            },
            "SourceFileLastUpdate": {
              "$ref": "#/simpleType/dateTime",
              "MultiplicityElement": {
                "lower": 0,
                "upper": 1
              },
              "Description": "The date and time the file was last updated."
            },
            "SourceFileSize": {
              "$ref": "#/simpleType/long",
              "MultiplicityElement": {
                "lower": 0,
                "upper": 1
              },
              "Description": "The size of the file in bytes."
            },
            "LineCount": {
              "type": "integer",
              "minimum": -2147483648,
              "maximum": 2147483648,
              "exclusiveMinimum": false,
              "exclusiveMaximum": false,
              "Description": "The number of lines in the source file."
            },
            "CommandCount": {
              "type": "integer",
              "minimum": -2147483648,
              "maximum": 2147483648,
              "exclusiveMinimum": false,
              "exclusiveMaximum": false,
              "Description": "The number of commands detected in the source file."
            },
            "Messages": {
              "type": "array",
              "items": {
                "$ref": "#/definitions/message"
              },
              "minItems": 0,
              "Description": "Messages related to the parsing of the source file."
            },
            "Parser": {
              "type": "string",
              "MultiplicityElement": {
                "lower": 0,
                "upper": 1
              },
              "Description": "The name of the parser used to generate the SDTL."
            },
            "ParserVersion": {
              "type": "string",
              "MultiplicityElement": {
                "lower": 0,
                "upper": 1
              },
              "Description": "The version of the parser used to generate the SDTL."
            },
            "ModelVersion": {
              "type": "string",
              "MultiplicityElement": {
                "lower": 0,
                "upper": 1
              },
              "Description": "The version of the SDTL model."
            },
            "ModelCreatedTime": {
              "$ref": "#/simpleType/dateTime",
              "MultiplicityElement": {
                "lower": 0,
                "upper": 1
              },
              "Description": "The date and time the SDTL was generated."
            },
            "Commands": {
              "type": "array",
              "items": {
                "$ref": "#/definitions/commandBase"
              },
              "minItems": 0,
              "Description": "The list of commands that make up the program."
            }
          },
          "required": [
            "ID"
          ],
          "additionalProperties": false
        }
      }
    }
  }
}